source_id,province_source_id,province_code,province_name,city_name,city_short_name,city_pinyin,city_short_pinyin,tel_code,source_code,source_table,is_current_admin,enabled
direct-11,11,110000,北京市,北京市,北京,beijingshi,beijing,10,,pvc+city,1,1
direct-12,12,310000,上海市,上海市,上海,shanghaishi,shanghai,21,,pvc+city,1,1
direct-14,14,500000,重庆市,重庆市,重庆,chongqingshi,chongqing,23,,pvc+city,1,1
direct-32,32,120000,天津市,天津市,天津,tianjinshi,tianjin,22,,pvc+city,1,1
13001,13,340000,安徽省,亳州市,亳州,bozhoushi,bozhou,558,ZS,local,1,1
13002,13,340000,安徽省,六安市,六安,luanshi,luan,564,LAS,local,1,1
13003,13,340000,安徽省,合肥市,合肥,hefeishi,hefei,551,HFS,local,1,1
13004,13,340000,安徽省,安庆市,安庆,anqingshi,anqing,556,AQS,local,1,1
13005,13,340000,安徽省,宣城市,宣城,xuanchengshi,xuancheng,563,XCS,local,1,1
13006,13,340000,安徽省,宿州市,宿州,suzhoushi,suzhou,557,SZS,local,1,1
13007,13,340000,安徽省,巢湖市,巢湖,chaohushi,chaohu,565,CHS,local,0,0
13008,13,340000,安徽省,池州市,池州,chizhoushi,chizhou,566,CZS,local,1,1
13009,13,340000,安徽省,淮北市,淮北,huaibeishi,huaibei,561,HBS,local,1,1
13010,13,340000,安徽省,淮南市,淮南,huainanshi,huainan,554,HNS,local,1,1
13011,13,340000,安徽省,滁州市,滁州,chuzhoushi,chuzhou,550,CZS,local,1,1
13012,13,340000,安徽省,芜湖市,芜湖,wuhushi,wuhu,553,WHS,local,1,1
13013,13,340000,安徽省,蚌埠市,蚌埠,bengbushi,bengbu,552,BBS,local,1,1
13014,13,340000,安徽省,铜陵市,铜陵,tonglingshi,tongling,562,TLS,local,1,1
13015,13,340000,安徽省,阜阳市,阜阳,fuyangshi,fuyang,558,FYS,local,1,1
13016,13,340000,安徽省,马鞍山市,马鞍山,maanshanshi,maanshan,555,MASS,local,1,1
13017,13,340000,安徽省,黄山市,黄山,huangshanshi,huangshan,559,HSS,local,1,1
15001,15,420000,湖北省,十堰市,十堰,shiyanshi,shiyan,719,SYS,local,1,1
15002,15,420000,湖北省,咸宁市,咸宁,xianningshi,xianning,715,XNS,local,1,1
15003,15,420000,湖北省,孝感市,孝感,xiaoganshi,xiaogan,712,GS,local,1,1
15004,15,420000,湖北省,宜昌市,宜昌,yichangshi,yichang,717,YCS,local,1,1
15005,15,420000,湖北省,恩施土家族苗族自治州,恩施土家族苗族,enshitujiazumiaozuzizhizhou,enshitujiazumiaozu,718,ESTJZMZZZZ,local,1,1
15006,15,420000,湖北省,武汉市,武汉,wuhanshi,wuhan,27,WHS,local,1,1
15008,15,420000,湖北省,荆州市,荆州,jingzhoushi,jingzhou,716,JZS,local,1,1
15009,15,420000,湖北省,荆门市,荆门,jingmenshi,jingmen,714,JMS,local,1,1
15010,15,420000,湖北省,襄樊市,襄樊,xiangfanshi,xiangfan,710,XFS,local,1,1
15011,15,420000,湖北省,鄂州市,鄂州,ezhoushi,ezhou,711,EZS,local,1,1
15012,15,420000,湖北省,随州市,随州,suizhoushi,suizhou,722,SZS,local,1,1
15013,15,420000,湖北省,黄冈市,黄冈,huanggangshi,huanggang,713,HGS,local,1,1
15014,15,420000,湖北省,黄石市,黄石,huangshishi,huangshi,714,HSS,local,1,1
16001,16,220000,吉林省,吉林市,吉林,jilinshi,jilin,423,JLS,local,1,1
16002,16,220000,吉林省,四平市,四平,sipingshi,siping,434,SPS,local,1,1
16003,16,220000,吉林省,延边朝鲜族自治州,延边朝鲜族,yanbianchaoxianzuzizhizhou,yanbianchaoxianzu,433,YBCXZZZZ,local,1,1
16004,16,220000,吉林省,松原市,松原,songyuanshi,songyuan,438,SYS,local,1,1
16005,16,220000,吉林省,白城市,白城,baichengshi,baicheng,436,BCS,local,1,1
16006,16,220000,吉林省,白山市,白山,baishanshi,baishan,439,BSS,local,1,1
16007,16,220000,吉林省,辽源市,辽源,liaoyuanshi,liaoyuan,437,LYS,local,1,1
16008,16,220000,吉林省,通化市,通化,tonghuashi,tonghua,435,THS,local,1,1
16009,16,220000,吉林省,长春市,长春,changchunshi,changchun,431,CCS,local,1,1
17001,17,150000,内蒙古自治区,乌兰察布市,乌兰察布,wulanchabushi,wulanchabu,474,WLCBS,local,1,1
17002,17,150000,内蒙古自治区,乌海市,乌海,wuhaishi,wuhai,473,WHS,local,1,1
17003,17,150000,内蒙古自治区,兴安盟,兴安,xinganmeng,xingan,482,XAM,local,1,1
17004,17,150000,内蒙古自治区,包头市,包头,baotoushi,baotou,472,BTS,local,1,1
17005,17,150000,内蒙古自治区,呼伦贝尔市,呼伦贝尔,hulunbeiershi,hulunbeier,470,HLBES,local,1,1
17006,17,150000,内蒙古自治区,呼和浩特市,呼和浩特,huhehaoteshi,huhehaote,471,HHHTS,local,1,1
17007,17,150000,内蒙古自治区,巴彦淖尔市,巴彦淖尔,bayannaoershi,bayannaoer,478,BYNES,local,1,1
17008,17,150000,内蒙古自治区,赤峰市,赤峰,chifengshi,chifeng,476,CFS,local,1,1
17009,17,150000,内蒙古自治区,通辽市,通辽,tongliaoshi,tongliao,475,TLS,local,1,1
17010,17,150000,内蒙古自治区,鄂尔多斯市,鄂尔多斯,eerduosishi,eerduosi,477,EEDSS,local,1,1
17011,17,150000,内蒙古自治区,锡林郭勒盟,锡林郭勒,xilinguoleimeng,xilinguolei,479,XLGLM,local,1,1
17012,17,150000,内蒙古自治区,阿拉善盟,阿拉善,alashanmeng,alashan,483,ALSM,local,1,1
18001,18,640000,宁夏回族自治区,中卫市,中卫,zhongweishi,zhongwei,955,ZWS,local,1,1
18002,18,640000,宁夏回族自治区,吴忠市,吴忠,wuzhongshi,wuzhong,953,WZS,local,1,1
18003,18,640000,宁夏回族自治区,固原市,固原,guyuanshi,guyuan,954,GYS,local,1,1
18004,18,640000,宁夏回族自治区,灵武市,灵武,lingwushi,lingwu,955,LWS,local,0,0
18005,18,640000,宁夏回族自治区,石嘴山市,石嘴山,shizuishanshi,shizuishan,952,SZSS,local,1,1
18006,18,640000,宁夏回族自治区,银川市,银川,yinchuanshi,yinchuan,951,YCS,local,1,1
19001,19,140000,山西省,临汾市,临汾,linfenshi,linfen,357,LFS,local,1,1
19002,19,140000,山西省,吕梁市,吕梁,lvliangshi,lvliang,358,LLS,local,1,1
19003,19,140000,山西省,大同市,大同,datongshi,datong,352,DTS,local,1,1
19004,19,140000,山西省,太原市,太原,taiyuanshi,taiyuan,351,TYS,local,1,1
19005,19,140000,山西省,忻州市,忻州,xinzhoushi,xinzhou,350,XZS,local,1,1
19006,19,140000,山西省,晋中市,晋中,jinzhongshi,jinzhong,354,JZS,local,1,1
19007,19,140000,山西省,晋城市,晋城,jinchengshi,jincheng,356,JCS,local,1,1
19008,19,140000,山西省,朔州市,朔州,shuozhoushi,shuozhou,349,SZS,local,1,1
19009,19,140000,山西省,运城市,运城,yunchengshi,yuncheng,359,YCS,local,1,1
19010,19,140000,山西省,长治市,长治,zhangzhishi,zhangzhi,355,CZS,local,1,1
19011,19,140000,山西省,阳泉市,阳泉,yangquanshi,yangquan,353,YQS,local,1,1
20001,20,350000,福建省,三明市,三明,sanmingshi,sanming,598,SMS,local,1,1
20002,20,350000,福建省,南平市,南平,nanpingshi,nanping,599,NPS,local,1,1
20003,20,350000,福建省,厦门市,厦门,xiamenshi,xiamen,592,XMS,local,1,1
20004,20,350000,福建省,宁德市,宁德,ningdeshi,ningde,593,NDS,local,1,1
20005,20,350000,福建省,泉州市,泉州,quanzhoushi,quanzhou,595,QZS,local,1,1
20006,20,350000,福建省,漳州市,漳州,zhangzhoushi,zhangzhou,596,ZZS,local,1,1
20007,20,350000,福建省,福州市,福州,fuzhoushi,fuzhou,591,FZS,local,1,1
20008,20,350000,福建省,莆田市,莆田,putianshi,putian,594,PTS,local,1,1
20009,20,350000,福建省,龙岩市,龙岩,longyanshi,longyan,597,LYS,local,1,1
21001,21,330000,浙江省,丽水市,丽水,lishuishi,lishui,578,LSS,local,1,1
21002,21,330000,浙江省,台州市,台州,taizhoushi,taizhou,576,TZS,local,1,1
21003,21,330000,浙江省,嘉兴市,嘉兴,jiaxingshi,jiaxing,573,JXS,local,1,1
21004,21,330000,浙江省,宁波市,宁波,ningboshi,ningbo,574,NBS,local,1,1
21005,21,330000,浙江省,杭州市,杭州,hangzhoushi,hangzhou,571,HZS,local,1,1
21006,21,330000,浙江省,温州市,温州,wenzhoushi,wenzhou,774,WZS,local,1,1
21007,21,330000,浙江省,湖州市,湖州,huzhoushi,huzhou,572,HZS,local,1,1
21008,21,330000,浙江省,绍兴市,绍兴,shaoxingshi,shaoxing,575,SXS,local,1,1
21009,21,330000,浙江省,舟山市,舟山,zhoushanshi,zhoushan,580,ZSS,local,1,1
21010,21,330000,浙江省,衢州市,衢州,quzhoushi,quzhou,570,ZS,local,1,1
21011,21,330000,浙江省,金华市,金华,jinhuashi,jinhua,579,JHS,local,1,1
22001,22,210000,辽宁省,丹东市,丹东,dandongshi,dandong,415,DDS,local,1,1
22002,22,210000,辽宁省,大连市,大连,dalianshi,dalian,411,DLS,local,1,1
22003,22,210000,辽宁省,抚顺市,抚顺,fushunshi,fushun,413,FSS,local,1,1
22004,22,210000,辽宁省,朝阳市,朝阳,zhaoyangshi,zhaoyang,421,CYS,local,1,1
22005,22,210000,辽宁省,本溪市,本溪,benxishi,benxi,414,BXS,local,1,1
22006,22,210000,辽宁省,沈阳市,沈阳,shenyangshi,shenyang,24,SYS,local,1,1
22007,22,210000,辽宁省,盘锦市,盘锦,panjinshi,panjin,427,PJS,local,1,1
22008,22,210000,辽宁省,营口市,营口,yingkoushi,yingkou,417,YKS,local,1,1
22009,22,210000,辽宁省,葫芦岛市,葫芦岛,huludaoshi,huludao,429,HLDS,local,1,1
22010,22,210000,辽宁省,辽阳市,辽阳,liaoyangshi,liaoyang,419,LYS,local,1,1
22011,22,210000,辽宁省,铁岭市,铁岭,tielingshi,tieling,410,TLS,local,1,1
22012,22,210000,辽宁省,锦州市,锦州,jinzhoushi,jinzhou,416,JZS,local,1,1
22013,22,210000,辽宁省,阜新市,阜新,fuxinshi,fuxin,418,FXS,local,1,1
22014,22,210000,辽宁省,鞍山市,鞍山,anshanshi,anshan,412,ASS,local,1,1
23001,23,410000,河南省,三门峡市,三门峡,sanmenxiashi,sanmenxia,398,SMXS,local,1,1
23002,23,410000,河南省,信阳市,信阳,xinyangshi,xinyang,376,XYS,local,1,1
23003,23,410000,河南省,南阳市,南阳,nanyangshi,nanyang,377,NYS,local,1,1
23004,23,410000,河南省,周口市,周口,zhoukoushi,zhoukou,394,ZKS,local,1,1
23005,23,410000,河南省,商丘市,商丘,shangqiushi,shangqiu,370,SQS,local,1,1
23006,23,410000,河南省,安阳市,安阳,anyangshi,anyang,372,AYS,local,1,1
23007,23,410000,河南省,平顶山市,平顶山,pingdingshanshi,pingdingshan,375,PDSS,local,1,1
23008,23,410000,河南省,开封市,开封,kaifengshi,kaifeng,378,KFS,local,1,1
23009,23,410000,河南省,新乡市,新乡,xinxiangshi,xinxiang,373,XXS,local,1,1
23010,23,410000,河南省,洛阳市,洛阳,luoyangshi,luoyang,379,LYS,local,1,1
23011,23,410000,河南省,济源市,济源,jiyuanshi,jiyuan,391,JYS,local,0,0
23012,23,410000,河南省,漯河市,漯河,taheshi,tahe,395,HS,local,1,1
23013,23,410000,河南省,濮阳市,濮阳,puyangshi,puyang,393,YS,local,1,1
23014,23,410000,河南省,焦作市,焦作,jiaozuoshi,jiaozuo,391,JZS,local,1,1
23015,23,410000,河南省,许昌市,许昌,xuchangshi,xuchang,374,XCS,local,1,1
23016,23,410000,河南省,郑州市,郑州,zhengzhoushi,zhengzhou,371,ZZS,local,1,1
23017,23,410000,河南省,驻马店市,驻马店,zhumadianshi,zhumadian,396,ZMDS,local,1,1
23018,23,410000,河南省,鹤壁市,鹤壁,hebishi,hebi,392,HBS,local,1,1
24001,24,620000,甘肃省,临夏回族自治州,临夏回族,linxiahuizuzizhizhou,linxiahuizu,930,LXHZZZZ,local,1,1
24002,24,620000,甘肃省,兰州市,兰州,lanzhoushi,lanzhou,931,LZS,local,1,1
24003,24,620000,甘肃省,嘉峪关市,嘉峪关,jiayuguanshi,jiayuguan,937,JYGS,local,1,1
24004,24,620000,甘肃省,天水市,天水,tianshuishi,tianshui,938,TSS,local,1,1
24005,24,620000,甘肃省,定西市,定西,dingxishi,dingxi,932,DXS,local,1,1
24006,24,620000,甘肃省,平凉市,平凉,pingliangshi,pingliang,933,PLS,local,1,1
24007,24,620000,甘肃省,庆阳市,庆阳,qingyangshi,qingyang,934,QYS,local,1,1
24008,24,620000,甘肃省,张掖市,张掖,zhangyeshi,zhangye,936,ZYS,local,1,1
24009,24,620000,甘肃省,武威市,武威,wuweishi,wuwei,935,WWS,local,1,1
24010,24,620000,甘肃省,甘南藏族自治州,甘南藏族,gannanzangzuzizhizhou,gannanzangzu,941,GNCZZZZ,local,1,1
24011,24,620000,甘肃省,白银市,白银,baiyinshi,baiyin,943,BYS,local,1,1
24012,24,620000,甘肃省,酒泉市,酒泉,jiuquanshi,jiuquan,937,JQS,local,1,1
24013,24,620000,甘肃省,金昌市,金昌,jinchangshi,jinchang,935,JCS,local,1,1
24014,24,620000,甘肃省,陇南市,陇南,longnanshi,longnan,939,NS,local,1,1
25001,25,650000,新疆维吾尔自治区,乌鲁木齐市,乌鲁木齐,wulumuqishi,wulumuqi,991,WLMQS,local,1,1
25002,25,650000,新疆维吾尔自治区,伊犁哈萨克自治州,伊犁哈萨克,yilihasakezizhizhou,yilihasake,0,YLHSKZZZ,local,1,1
25003,25,650000,新疆维吾尔自治区,克孜勒苏柯尔克孜自治州,克孜勒苏柯尔克孜,kezileisukeerkezizizhizhou,kezileisukeerkezi,908,KZLSKEKZZZ,local,1,1
25004,25,650000,新疆维吾尔自治区,克拉玛依市,克拉玛依,kelamayishi,kelamayi,990,KLMYS,local,1,1
25005,25,650000,新疆维吾尔自治区,博尔塔拉蒙古自治州,博尔塔拉蒙古,boertalamengguzizhizhou,boertalamenggu,0,BETLMGZZZ,local,1,1
25006,25,650000,新疆维吾尔自治区,吐鲁番地区,吐鲁番,tulufandiqu,tulufan,995,TLFDQ,local,0,0
25007,25,650000,新疆维吾尔自治区,和田地区,和田,hetiandiqu,hetian,903,HTDQ,local,1,1
25008,25,650000,新疆维吾尔自治区,哈密地区,哈密,hamidiqu,hami,902,HMDQ,local,0,0
25009,25,650000,新疆维吾尔自治区,喀什地区,喀什,kashidiqu,kashi,998,KSDQ,local,1,1
25010,25,650000,新疆维吾尔自治区,塔城地区,塔城,tachengdiqu,tacheng,901,TCDQ,local,1,1
25011,25,650000,新疆维吾尔自治区,巴音郭楞蒙古自治州,巴音郭楞蒙古,bayinguolengmengguzizhizhou,bayinguolengmenggu,0,BYGLMGZZZ,local,1,1
25012,25,650000,新疆维吾尔自治区,昌吉回族自治州,昌吉回族,changjihuizuzizhizhou,changjihuizu,994,CJHZZZZ,local,1,1
25013,25,650000,新疆维吾尔自治区,省直辖,省直辖,shengzhixia,shengzhixia,0,SZX,local,0,0
25014,25,650000,新疆维吾尔自治区,阿克苏地区,阿克苏,akesudiqu,akesu,997,AKSDQ,local,1,1
25015,25,650000,新疆维吾尔自治区,阿勒泰地区,阿勒泰,aleitaidiqu,aleitai,906,ALTDQ,local,1,1
26001,26,230000,黑龙江省,七台河市,七台河,qitaiheshi,qitaihe,464,QTHS,local,1,1
26002,26,230000,黑龙江省,伊春市,伊春,yichunshi,yichun,458,YCS,local,1,1
26003,26,230000,黑龙江省,佳木斯市,佳木斯,jiamusishi,jiamusi,454,JMSS,local,1,1
26004,26,230000,黑龙江省,双鸭山市,双鸭山,shuangyashanshi,shuangyashan,469,SYSS,local,1,1
26005,26,230000,黑龙江省,哈尔滨市,哈尔滨,haerbinshi,haerbin,451,HEBS,local,1,1
26006,26,230000,黑龙江省,大兴安岭地区,大兴安岭,daxinganlingdiqu,daxinganling,457,DXALDQ,local,1,1
26007,26,230000,黑龙江省,大庆市,大庆,daqingshi,daqing,459,DQS,local,1,1
26008,26,230000,黑龙江省,牡丹江市,牡丹江,mudanjiangshi,mudanjiang,453,MDJS,local,1,1
26009,26,230000,黑龙江省,绥化市,绥化,suihuashi,suihua,455,SHS,local,1,1
26010,26,230000,黑龙江省,鸡西市,鸡西,jixishi,jixi,456,JXS,local,1,1
26011,26,230000,黑龙江省,鹤岗市,鹤岗,hegangshi,hegang,468,HGS,local,1,1
26012,26,230000,黑龙江省,黑河市,黑河,heiheshi,heihe,456,HHS,local,1,1
26013,26,230000,黑龙江省,齐齐哈尔市,齐齐哈尔,qiqihaershi,qiqihaer,452,QQHES,local,1,1
27001,27,063000,青海省,果洛藏族自治州,果洛藏族,guoluozangzuzizhizhou,guoluozangzu,975,GLCZZZZ,local,1,1
27002,27,063000,青海省,海东地区,海东,haidongdiqu,haidong,972,HDDQ,local,0,0
27003,27,063000,青海省,海北藏族自治州,海北藏族,haibeizangzuzizhizhou,haibeizangzu,970,HBCZZZZ,local,1,1
27004,27,063000,青海省,海南藏族自治州,海南藏族,hainanzangzuzizhizhou,hainanzangzu,974,HNCZZZZ,local,1,1
27005,27,063000,青海省,海西蒙古族藏族自治州,海西蒙古族藏族,haiximengguzuzangzuzizhizhou,haiximengguzuzangzu,979,HXMGZCZZZZ,local,1,1
27006,27,063000,青海省,玉树藏族自治州,玉树藏族,yushuzangzuzizhizhou,yushuzangzu,976,YSCZZZZ,local,1,1
27007,27,063000,青海省,西宁市,西宁,xiningshi,xining,971,XNS,local,1,1
27008,27,063000,青海省,黄南藏族自治州,黄南藏族,huangnanzangzuzizhizhou,huangnanzangzu,973,HNCZZZZ,local,1,1
28001,28,130000,河北省,保定市,保定,baodingshi,baoding,312,BDS,local,1,1
28002,28,130000,河北省,唐山市,唐山,tangshanshi,tangshan,315,TSS,local,1,1
28003,28,130000,河北省,廊坊市,廊坊,langfangshi,langfang,316,LFS,local,1,1
28004,28,130000,河北省,张家口市,张家口,zhangjiakoushi,zhangjiakou,313,ZJKS,local,1,1
28005,28,130000,河北省,承德市,承德,chengdeshi,chengde,314,CDS,local,1,1
28006,28,130000,河北省,沧州市,沧州,cangzhoushi,cangzhou,317,CZS,local,1,1
28007,28,130000,河北省,石家庄市,石家庄,shijiazhuangshi,shijiazhuang,311,SJZS,local,1,1
28008,28,130000,河北省,秦皇岛市,秦皇岛,qinhuangdaoshi,qinhuangdao,335,QHDS,local,1,1
28009,28,130000,河北省,衡水市,衡水,hengshuishi,hengshui,318,HSS,local,1,1
28010,28,130000,河北省,邢台市,邢台,xingtaishi,xingtai,319,XTS,local,1,1
28011,28,130000,河北省,邯郸市,邯郸,handanshi,handan,310,HDS,local,1,1
29001,29,510000,四川省,乐山市,乐山,leshanshi,leshan,833,LSS,local,1,1
29002,29,510000,四川省,内江市,内江,neijiangshi,neijiang,832,NJS,local,1,1
29003,29,510000,四川省,凉山彝族自治州,凉山彝族,liangshanyizuzizhizhou,liangshanyizu,834,LSYZZZZ,local,1,1
29004,29,510000,四川省,南充市,南充,nanchongshi,nanchong,817,NCS,local,1,1
29005,29,510000,四川省,宜宾市,宜宾,yibinshi,yibin,831,YBS,local,1,1
29006,29,510000,四川省,巴中市,巴中,bazhongshi,bazhong,827,BZS,local,1,1
29007,29,510000,四川省,广元市,广元,guangyuanshi,guangyuan,839,GYS,local,1,1
29008,29,510000,四川省,广安市,广安,guanganshi,guangan,826,GAS,local,1,1
29009,29,510000,四川省,德阳市,德阳,deyangshi,deyang,838,DYS,local,1,1
29010,29,510000,四川省,成都市,成都,chengdushi,chengdu,28,CDS,local,1,1
29011,29,510000,四川省,攀枝花市,攀枝花,panzhihuashi,panzhihua,812,PZHS,local,1,1
29012,29,510000,四川省,泸州市,泸州,luzhoushi,luzhou,830,ZS,local,1,1
29013,29,510000,四川省,甘孜藏族自治州,甘孜藏族,ganzizangzuzizhizhou,ganzizangzu,836,GZCZZZZ,local,1,1
29014,29,510000,四川省,眉山市,眉山,meishanshi,meishan,28,SS,local,1,1
29015,29,510000,四川省,绵阳市,绵阳,mianyangshi,mianyang,816,MYS,local,1,1
29016,29,510000,四川省,自贡市,自贡,zigongshi,zigong,813,ZGS,local,1,1
29017,29,510000,四川省,资阳市,资阳,ziyangshi,ziyang,28,ZYS,local,1,1
29018,29,510000,四川省,达州市,达州,dazhoushi,dazhou,818,DZS,local,1,1
29019,29,510000,四川省,遂宁市,遂宁,suiningshi,suining,825,SNS,local,1,1
29020,29,510000,四川省,阿坝藏族羌族自治州,阿坝藏族羌族,abazangzuqiangzuzizhizhou,abazangzuqiangzu,837,ABCZQZZZZ,local,1,1
29021,29,510000,四川省,雅安市,雅安,yaanshi,yaan,835,YAS,local,1,1
30001,30,360000,江西省,上饶市,上饶,shangraoshi,shangrao,793,SRS,local,1,1
30002,30,360000,江西省,九江市,九江,jiujiangshi,jiujiang,792,JJS,local,1,1
30003,30,360000,江西省,南昌市,南昌,nanchangshi,nanchang,791,NCS,local,1,1
30004,30,360000,江西省,吉安市,吉安,jianshi,jian,796,JAS,local,1,1
30005,30,360000,江西省,宜春市,宜春,yichunshi,yichun,795,YCS,local,1,1
30006,30,360000,江西省,抚州市,抚州,fuzhoushi,fuzhou,794,FZS,local,1,1
30007,30,360000,江西省,新余市,新余,xinyushi,xinyu,790,XYS,local,1,1
30008,30,360000,江西省,景德镇市,景德镇,jingdezhenshi,jingdezhen,798,JDZS,local,1,1
30009,30,360000,江西省,萍乡市,萍乡,pingxiangshi,pingxiang,799,PXS,local,1,1
30010,30,360000,江西省,赣州市,赣州,ganzhoushi,ganzhou,797,GZS,local,1,1
30011,30,360000,江西省,鹰潭市,鹰潭,yingtanshi,yingtan,701,YTS,local,1,1
31001,31,320000,江苏省,南京市,南京,nanjingshi,nanjing,25,NJS,local,1,1
31002,31,320000,江苏省,南通市,南通,nantongshi,nantong,513,NTS,local,1,1
31003,31,320000,江苏省,宿迁市,宿迁,suqianshi,suqian,527,SQS,local,1,1
31004,31,320000,江苏省,常州市,常州,changzhoushi,changzhou,519,CZS,local,1,1
31005,31,320000,江苏省,徐州市,徐州,xuzhoushi,xuzhou,516,XZS,local,1,1
31006,31,320000,江苏省,扬州市,扬州,yangzhoushi,yangzhou,514,YZS,local,1,1
31007,31,320000,江苏省,无锡市,无锡,wuxishi,wuxi,510,WXS,local,1,1
31008,31,320000,江苏省,泰州市,泰州,taizhoushi,taizhou,523,TZS,local,1,1
31009,31,320000,江苏省,淮安市,淮安,huaianshi,huaian,517,HAS,local,1,1
31010,31,320000,江苏省,盐城市,盐城,yanchengshi,yancheng,515,YCS,local,1,1
31011,31,320000,江苏省,苏州市,苏州,suzhoushi,suzhou,512,SZS,local,1,1
31012,31,320000,江苏省,连云港市,连云港,lianyungangshi,lianyungang,518,LYGS,local,1,1
31013,31,320000,江苏省,镇江市,镇江,zhenjiangshi,zhenjiang,511,ZJS,local,1,1
33001,33,540000,西藏自治区,山南地区,山南,shannandiqu,shannan,893,SNDQ,local,0,0
33002,33,540000,西藏自治区,拉萨市,拉萨,lasashi,lasa,891,LSS,local,1,1
33003,33,540000,西藏自治区,日喀则地区,日喀则,rikazediqu,rikaze,892,RKZDQ,local,0,0
33004,33,540000,西藏自治区,昌都地区,昌都,changdoudiqu,changdou,895,CDDQ,local,0,0
33005,33,540000,西藏自治区,林芝地区,林芝,linzhidiqu,linzhi,894,LZDQ,local,0,0
33006,33,540000,西藏自治区,那曲地区,那曲,naqudiqu,naqu,896,NQDQ,local,1,1
33007,33,540000,西藏自治区,阿里地区,阿里,alidiqu,ali,897,ALDQ,local,1,1
34001,34,460000,海南省,万宁市,万宁,wanningshi,wanning,898,WNS,local,0,0
34002,34,460000,海南省,三亚市,三亚,sanyashi,sanya,899,SYS,local,1,1
34003,34,460000,海南省,东方市,东方,dongfangshi,dongfang,898,DFS,local,0,0
34004,34,460000,海南省,中沙群岛,中沙群岛,zhongshaqundao,zhongshaqundao,898,ZSQD,local,0,0
34005,34,460000,海南省,临高县,临高县,lingaoxian,lingaoxian,898,LGX,local,0,0
34006,34,460000,海南省,乐东黎族自治县,乐东黎族自治县,ledonglizuzizhixian,ledonglizuzizhixian,898,LDLZZZX,local,0,0
34007,34,460000,海南省,五指山市,五指山,wuzhishanshi,wuzhishan,898,WZSS,local,0,0
34008,34,460000,海南省,保亭黎族苗族自治县,保亭黎族苗族自治县,baotinglizumiaozuzizhixian,baotinglizumiaozuzizhixian,898,BTLZMZZZX,local,0,0
34009,34,460000,海南省,儋州市,儋州,danzhoushi,danzhou,890,ZS,local,1,1
34010,34,460000,海南省,南沙群岛,南沙群岛,nanshaqundao,nanshaqundao,898,NSQD,local,0,0
34011,34,460000,海南省,定安县,定安县,dinganxian,dinganxian,898,DAX,local,0,0
34012,34,460000,海南省,屯昌县,屯昌县,tunchangxian,tunchangxian,898,TCX,local,0,0
34013,34,460000,海南省,文昌市,文昌,wenchangshi,wenchang,898,WCS,local,0,0
34014,34,460000,海南省,昌江黎族自治县,昌江黎族自治县,changjianglizuzizhixian,changjianglizuzizhixian,898,CJLZZZX,local,0,0
34015,34,460000,海南省,海口市,海口,haikoushi,haikou,898,HKS,local,1,1
34016,34,460000,海南省,澄迈县,澄迈县,chengmaixian,chengmaixian,898,CMX,local,0,0
34017,34,460000,海南省,琼中黎族苗族自治县,琼中黎族苗族自治县,qiongzhonglizumiaozuzizhixian,qiongzhonglizumiaozuzizhixian,898,QZLZMZZZX,local,0,0
34018,34,460000,海南省,琼海市,琼海,qionghaishi,qionghai,898,QHS,local,0,0
34019,34,460000,海南省,白沙黎族自治县,白沙黎族自治县,baishalizuzizhixian,baishalizuzizhixian,898,BSLZZZX,local,0,0
34020,34,460000,海南省,西沙群岛,西沙群岛,xishaqundao,xishaqundao,898,XSQD,local,0,0
34021,34,460000,海南省,陵水黎族自治县,陵水黎族自治县,lingshuilizuzizhixian,lingshuilizuzizhixian,898,LSLZZZX,local,0,0
35001,35,520000,贵州省,六盘水市,六盘水,liupanshuishi,liupanshui,858,LPSS,local,1,1
35002,35,520000,贵州省,安顺市,安顺,anshunshi,anshun,853,ASS,local,1,1
35003,35,520000,贵州省,毕节地区,毕节,bijiediqu,bijie,857,BJDQ,local,0,0
35004,35,520000,贵州省,贵阳市,贵阳,guiyangshi,guiyang,851,GYS,local,1,1
35005,35,520000,贵州省,遵义市,遵义,zunyishi,zunyi,852,ZYS,local,1,1
35006,35,520000,贵州省,铜仁地区,铜仁,tongrendiqu,tongren,856,TRDQ,local,0,0
35007,35,520000,贵州省,黔东南苗族侗族自治州,黔东南苗族侗族,qiandongnanmiaozudongzuzizhizhou,qiandongnanmiaozudongzu,855,QDNMZDZZZZ,local,1,1
35008,35,520000,贵州省,黔南布依族苗族自治州,黔南布依族苗族,qiannanbuyizumiaozuzizhizhou,qiannanbuyizumiaozu,854,QNBYZMZZZZ,local,1,1
35009,35,520000,贵州省,黔西南布依族苗族自治州,黔西南布依族苗族,qianxinanbuyizumiaozuzizhizhou,qianxinanbuyizumiaozu,859,QXNBYZMZZZ,local,1,1
36001,36,440000,广东省,东莞市,东莞,dongguanshi,dongguan,769,DS,local,1,1
36002,36,440000,广东省,中山市,中山,zhongshanshi,zhongshan,760,ZSS,local,1,1
36003,36,440000,广东省,云浮市,云浮,yunfushi,yunfu,766,YFS,local,1,1
36004,36,440000,广东省,佛山市,佛山,foshanshi,foshan,757,FSS,local,1,1
36005,36,440000,广东省,广州市,广州,guangzhoushi,guangzhou,20,GZS,local,1,1
36006,36,440000,广东省,惠州市,惠州,huizhoushi,huizhou,752,HZS,local,1,1
36007,36,440000,广东省,揭阳市,揭阳,jieyangshi,jieyang,663,JYS,local,1,1
36008,36,440000,广东省,梅州市,梅州,meizhoushi,meizhou,753,ZS,local,1,1
36009,36,440000,广东省,汕头市,汕头,shantoushi,shantou,754,STS,local,1,1
36010,36,440000,广东省,汕尾市,汕尾,shanweishi,shanwei,660,SS,local,1,1
36011,36,440000,广东省,江门市,江门,jiangmenshi,jiangmen,750,JMS,local,1,1
36012,36,440000,广东省,河源市,河源,heyuanshi,heyuan,762,HYS,local,1,1
36013,36,440000,广东省,深圳市,深圳,shenzhenshi,shenzhen,755,SS,local,1,1
36014,36,440000,广东省,清远市,清远,qingyuanshi,qingyuan,763,QYS,local,1,1
36015,36,440000,广东省,湛江市,湛江,zhanjiangshi,zhanjiang,759,ZJS,local,1,1
36016,36,440000,广东省,潮州市,潮州,chaozhoushi,chaozhou,768,CZS,local,1,1
36017,36,440000,广东省,珠海市,珠海,zhuhaishi,zhuhai,756,ZHS,local,1,1
36018,36,440000,广东省,肇庆市,肇庆,zhaoqingshi,zhaoqing,758,ZQS,local,1,1
36019,36,440000,广东省,茂名市,茂名,maomingshi,maoming,668,MMS,local,1,1
36020,36,440000,广东省,阳江市,阳江,yangjiangshi,yangjiang,662,YJS,local,1,1
36021,36,440000,广东省,韶关市,韶关,shaoguanshi,shaoguan,751,SGS,local,1,1
37001,37,430000,湖南省,娄底市,娄底,loudishi,loudi,738,LDS,local,1,1
37002,37,430000,湖南省,岳阳市,岳阳,yueyangshi,yueyang,730,YYS,local,1,1
37003,37,430000,湖南省,常德市,常德,changdeshi,changde,736,CDS,local,1,1
37004,37,430000,湖南省,张家界市,张家界,zhangjiajieshi,zhangjiajie,744,ZJJS,local,1,1
37005,37,430000,湖南省,怀化市,怀化,huaihuashi,huaihua,745,HHS,local,1,1
37006,37,430000,湖南省,株洲市,株洲,zhuzhoushi,zhuzhou,731,ZZS,local,1,1
37007,37,430000,湖南省,永州市,永州,yongzhoushi,yongzhou,746,YZS,local,1,1
37008,37,430000,湖南省,湘潭市,湘潭,xiangtanshi,xiangtan,732,XTS,local,1,1
37009,37,430000,湖南省,湘西土家族苗族自治州,湘西土家族苗族,xiangxitujiazumiaozuzizhizhou,xiangxitujiazumiaozu,743,XXTJZMZZZZ,local,1,1
37010,37,430000,湖南省,益阳市,益阳,yiyangshi,yiyang,737,YYS,local,1,1
37011,37,430000,湖南省,衡阳市,衡阳,hengyangshi,hengyang,734,HYS,local,1,1
37012,37,430000,湖南省,邵阳市,邵阳,shaoyangshi,shaoyang,739,SYS,local,1,1
37013,37,430000,湖南省,郴州市,郴州,chenzhoushi,chenzhou,735,CZS,local,1,1
37014,37,430000,湖南省,长沙市,长沙,changshashi,changsha,731,CSS,local,1,1
38001,38,370000,山东省,东营市,东营,dongyingshi,dongying,546,DYS,local,1,1
38002,38,370000,山东省,临沂市,临沂,linyishi,linyi,539,LYS,local,1,1
38003,38,370000,山东省,威海市,威海,weihaishi,weihai,631,WHS,local,1,1
38004,38,370000,山东省,德州市,德州,dezhoushi,dezhou,534,DZS,local,1,1
38005,38,370000,山东省,日照市,日照,rizhaoshi,rizhao,633,RZS,local,1,1
38006,38,370000,山东省,枣庄市,枣庄,zaozhuangshi,zaozhuang,632,ZZS,local,1,1
38007,38,370000,山东省,泰安市,泰安,taianshi,taian,538,TAS,local,1,1
38008,38,370000,山东省,济南市,济南,jinanshi,jinan,531,JNS,local,1,1
38009,38,370000,山东省,济宁市,济宁,jiningshi,jining,537,JNS,local,1,1
38010,38,370000,山东省,淄博市,淄博,ziboshi,zibo,533,ZBS,local,1,1
38011,38,370000,山东省,滨州市,滨州,binzhoushi,binzhou,543,BZS,local,1,1
38012,38,370000,山东省,潍坊市,潍坊,weifangshi,weifang,536,WFS,local,1,1
38013,38,370000,山东省,烟台市,烟台,yantaishi,yantai,535,YTS,local,1,1
38014,38,370000,山东省,聊城市,聊城,liaochengshi,liaocheng,635,LCS,local,1,1
38015,38,370000,山东省,莱芜市,莱芜,laiwushi,laiwu,634,LWS,local,1,1
38016,38,370000,山东省,菏泽市,菏泽,hezeshi,heze,530,HZS,local,1,1
38017,38,370000,山东省,青岛市,青岛,qingdaoshi,qingdao,532,QDS,local,1,1
39001,39,610000,陕西省,咸阳市,咸阳,xianyangshi,xianyang,910,XYS,local,1,1
39002,39,610000,陕西省,商洛市,商洛,shangluoshi,shangluo,914,SLS,local,1,1
39003,39,610000,陕西省,安康市,安康,ankangshi,ankang,915,AKS,local,1,1
39004,39,610000,陕西省,宝鸡市,宝鸡,baojishi,baoji,917,BJS,local,1,1
39005,39,610000,陕西省,延安市,延安,yananshi,yanan,911,YAS,local,1,1
39006,39,610000,陕西省,榆林市,榆林,yulinshi,yulin,912,YLS,local,1,1
39007,39,610000,陕西省,汉中市,汉中,hanzhongshi,hanzhong,916,HZS,local,1,1
39008,39,610000,陕西省,渭南市,渭南,weinanshi,weinan,913,NS,local,1,1
39009,39,610000,陕西省,西安市,西安,xianshi,xian,29,XAS,local,1,1
39010,39,610000,陕西省,铜川市,铜川,tongchuanshi,tongchuan,919,TCS,local,1,1
40001,40,530000,云南省,临沧市,临沧,lincangshi,lincang,883,LCS,local,1,1
40002,40,530000,云南省,丽江市,丽江,lijiangshi,lijiang,888,LJS,local,1,1
40003,40,530000,云南省,保山市,保山,baoshanshi,baoshan,875,BSS,local,1,1
40004,40,530000,云南省,大理白族自治州,大理白族,dalibaizuzizhizhou,dalibaizu,872,DLBZZZZ,local,1,1
40005,40,530000,云南省,德宏傣族景颇族自治州,德宏傣族景颇族,dehongdaizujingpozuzizhizhou,dehongdaizujingpozu,962,DHDZJPZZZZ,local,1,1
40006,40,530000,云南省,怒江傈僳族自治州,怒江傈僳族,nujianglisuzuzizhizhou,nujianglisuzu,886,NJLSZZZZ,local,1,1
40007,40,530000,云南省,文山壮族苗族自治州,文山壮族苗族,wenshanzhuangzumiaozuzizhizhou,wenshanzhuangzumiaozu,876,WSZZMZZZZ,local,1,1
40008,40,530000,云南省,昆明市,昆明,kunmingshi,kunming,871,KMS,local,1,1
40009,40,530000,云南省,昭通市,昭通,zhaotongshi,zhaotong,870,ZTS,local,1,1
40010,40,530000,云南省,普洱市,普洱,puershi,puer,879,PES,local,1,1
40011,40,530000,云南省,曲靖市,曲靖,qujingshi,qujing,874,QJS,local,1,1
40012,40,530000,云南省,楚雄彝族自治州,楚雄彝族,chuxiongyizuzizhizhou,chuxiongyizu,878,CXYZZZZ,local,1,1
40013,40,530000,云南省,玉溪市,玉溪,yuxishi,yuxi,877,YXS,local,1,1
40014,40,530000,云南省,红河哈尼族彝族自治州,红河哈尼族彝族,honghehanizuyizuzizhizhou,honghehanizuyizu,873,HHHNZYZZZZ,local,1,1
40015,40,530000,云南省,西双版纳傣族自治州,西双版纳傣族,xishuangbannadaizuzizhizhou,xishuangbannadaizu,691,XSBNDZZZZ,local,1,1
40016,40,530000,云南省,迪庆藏族自治州,迪庆藏族,diqingzangzuzizhizhou,diqingzangzu,887,DQCZZZZ,local,1,1
41001,41,450000,广西壮族自治区,北海市,北海,beihaishi,beihai,779,BHS,local,1,1
41002,41,450000,广西壮族自治区,南宁市,南宁,nanningshi,nanning,771,NNS,local,1,1
41003,41,450000,广西壮族自治区,崇左市,崇左,chongzuoshi,chongzuo,771,CZS,local,1,1
41004,41,450000,广西壮族自治区,来宾市,来宾,laibinshi,laibin,772,LBS,local,1,1
41005,41,450000,广西壮族自治区,柳州市,柳州,liuzhoushi,liuzhou,772,LZS,local,1,1
41006,41,450000,广西壮族自治区,桂林市,桂林,guilinshi,guilin,773,GLS,local,1,1
41007,41,450000,广西壮族自治区,梧州市,梧州,wuzhoushi,wuzhou,774,WZS,local,1,1
41008,41,450000,广西壮族自治区,河池市,河池,hechishi,hechi,778,HCS,local,1,1
41009,41,450000,广西壮族自治区,玉林市,玉林,yulinshi,yulin,775,YLS,local,1,1
41010,41,450000,广西壮族自治区,百色市,百色,baiseshi,baise,776,BSS,local,1,1
41011,41,450000,广西壮族自治区,贵港市,贵港,guigangshi,guigang,775,GGS,local,1,1
41012,41,450000,广西壮族自治区,贺州市,贺州,hezhoushi,hezhou,774,HZS,local,1,1
41013,41,450000,广西壮族自治区,钦州市,钦州,qinzhoushi,qinzhou,777,QZS,local,1,1
41014,41,450000,广西壮族自治区,防城港市,防城港,fangchenggangshi,fangchenggang,770,FCGS,local,1,1
