source_id,province_source_id,province_code,province_name,city_name_raw,city_name_admin,city_short_name_admin,tel_code,source_code,city_pinyin,is_current_admin,enabled
1,11,110000,北京市,北京,北京市,北京,10,,beijingshi,1,1
2,32,120000,天津市,天津,天津市,天津,22,,tianjinshi,1,1
3,28,130000,河北省,石家庄,石家庄市,石家庄,311,,shijiazhuangshi,1,1
4,28,130000,河北省,张家口,张家口市,张家口,313,,zhangjiakoushi,1,1
6,28,130000,河北省,秦皇岛,秦皇岛市,秦皇岛,335,,qinhuangdaoshi,1,1
7,28,130000,河北省,唐山,唐山市,唐山,315,,tangshanshi,1,1
8,28,130000,河北省,廊坊,廊坊市,廊坊,316,,langfangshi,1,1
9,28,130000,河北省,保定,保定市,保定,312,,baodingshi,1,1
10,28,130000,河北省,沧州,沧州市,沧州,317,,cangzhoushi,1,1
11,28,130000,河北省,衡水,衡水市,衡水,318,,hengshuishi,1,1
12,28,130000,河北省,邢台,邢台市,邢台,319,,xingtaishi,1,1
13,28,130000,河北省,邯郸,邯郸市,邯郸,310,,handanshi,1,1
14,19,140000,山西省,太原,太原市,太原,351,,taiyuanshi,1,1
15,19,140000,山西省,大同,大同市,大同,352,,datongshi,1,1
16,19,140000,山西省,朔州,朔州市,朔州,349,,shuozhoushi,1,1
17,19,140000,山西省,阳泉,阳泉市,阳泉,353,,yangquanshi,1,1
18,19,140000,山西省,长治,长治市,长治,355,,zhangzhishi,1,1
19,19,140000,山西省,晋城,晋城市,晋城,356,,jinchengshi,1,1
20,19,140000,山西省,忻州,忻州市,忻州,350,,xinzhoushi,1,1
21,19,140000,山西省,离石，吕梁,吕梁市,吕梁,358,,lvliangshi,1,1
22,19,140000,山西省,榆次，晋中,晋中市,晋中,354,,jinzhongshi,1,1
23,19,140000,山西省,临汾,临汾市,临汾,357,,linfenshi,1,1
24,19,140000,山西省,运城,运城市,运城,359,,yunchengshi,1,1
25,17,150000,内蒙古自治区,呼和浩特,呼和浩特市,呼和浩特,471,,huhehaoteshi,1,1
26,17,150000,内蒙古自治区,包头,包头市,包头,472,,baotoushi,1,1
27,17,150000,内蒙古自治区,乌海,乌海市,乌海,473,,wuhaishi,1,1
28,17,150000,内蒙古自治区,赤峰,赤峰市,赤峰,476,,chifengshi,1,1
29,17,150000,内蒙古自治区,海拉尔,呼伦贝尔市,呼伦贝尔,470,,hulunbeiershi,1,1
30,17,150000,内蒙古自治区,乌兰浩特，兴安盟,兴安盟,兴安,482,,xinganmeng,1,1
31,17,150000,内蒙古自治区,通辽,通辽市,通辽,475,,tongliaoshi,1,1
32,17,150000,内蒙古自治区,锡林浩特,锡林郭勒盟,锡林郭勒,479,,xilinguoleimeng,1,1
33,17,150000,内蒙古自治区,集宁，乌兰察布盟,乌兰察布市,乌兰察布,474,,wulanchabushi,1,1
34,17,150000,内蒙古自治区,东胜，鄂尔多斯,鄂尔多斯市,鄂尔多斯,477,,eerduosishi,1,1
35,17,150000,内蒙古自治区,临河，巴彦卓尔盟,巴彦淖尔市,巴彦淖尔,478,,bayannaoershi,1,1
36,17,150000,内蒙古自治区,阿拉善左旗,阿拉善盟,阿拉善,483,,alashanmeng,1,1
37,22,210000,辽宁省,沈阳,沈阳市,沈阳,24,,shenyangshi,1,1
38,22,210000,辽宁省,朝阳,朝阳市,朝阳,421,,zhaoyangshi,1,1
39,22,210000,辽宁省,阜新,阜新市,阜新,418,,fuxinshi,1,1
40,22,210000,辽宁省,铁岭,铁岭市,铁岭,410,,tielingshi,1,1
41,22,210000,辽宁省,抚顺,抚顺市,抚顺,413,,fushunshi,1,1
42,22,210000,辽宁省,本溪,本溪市,本溪,414,,benxishi,1,1
43,22,210000,辽宁省,辽阳,辽阳市,辽阳,419,,liaoyangshi,1,1
44,22,210000,辽宁省,鞍山,鞍山市,鞍山,412,,anshanshi,1,1
45,22,210000,辽宁省,丹东,丹东市,丹东,415,,dandongshi,1,1
46,22,210000,辽宁省,大连,大连市,大连,411,,dalianshi,1,1
47,22,210000,辽宁省,营口,营口市,营口,417,,yingkoushi,1,1
48,22,210000,辽宁省,盘锦,盘锦市,盘锦,427,,panjinshi,1,1
49,22,210000,辽宁省,锦州,锦州市,锦州,416,,jinzhoushi,1,1
50,22,210000,辽宁省,葫芦岛,葫芦岛市,葫芦岛,429,,huludaoshi,1,1
51,16,220000,吉林省,长春,长春市,长春,431,,changchunshi,1,1
52,16,220000,吉林省,白城,白城市,白城,436,,baichengshi,1,1
53,16,220000,吉林省,松原,松原市,松原,438,,songyuanshi,1,1
54,16,220000,吉林省,吉林,,,432,,jilin,0,0
55,16,220000,吉林省,四平,四平市,四平,434,,sipingshi,1,1
56,16,220000,吉林省,辽源,辽源市,辽源,437,,liaoyuanshi,1,1
57,16,220000,吉林省,通化,通化市,通化,435,,tonghuashi,1,1
58,16,220000,吉林省,白山,白山市,白山,439,,baishanshi,1,1
59,16,220000,吉林省,延吉,延边朝鲜族自治州,延边朝鲜族,433,,yanbianchaoxianzuzizhizhou,1,1
60,26,230000,黑龙江省,哈尔滨,哈尔滨市,哈尔滨,451,,haerbinshi,1,1
61,26,230000,黑龙江省,齐齐哈尔,齐齐哈尔市,齐齐哈尔,452,,qiqihaershi,1,1
62,26,230000,黑龙江省,黑河,黑河市,黑河,456,,heiheshi,1,1
63,26,230000,黑龙江省,大庆,大庆市,大庆,459,,daqingshi,1,1
64,26,230000,黑龙江省,伊春,伊春市,伊春,458,,yichunshi,1,1
65,26,230000,黑龙江省,鹤岗,鹤岗市,鹤岗,468,,hegangshi,1,1
66,26,230000,黑龙江省,佳木斯,佳木斯市,佳木斯,454,,jiamusishi,1,1
67,26,230000,黑龙江省,双鸭山,双鸭山市,双鸭山,469,,shuangyashanshi,1,1
68,26,230000,黑龙江省,七台河,七台河市,七台河,464,,qitaiheshi,1,1
69,26,230000,黑龙江省,鸡西,,,467,,jixi,0,0
70,26,230000,黑龙江省,牡丹江,牡丹江市,牡丹江,453,,mudanjiangshi,1,1
71,26,230000,黑龙江省,绥化,绥化市,绥化,455,,suihuashi,1,1
72,26,230000,黑龙江省,大兴安岭，加格达奇,大兴安岭地区,大兴安岭,457,,daxinganlingdiqu,1,1
73,12,310000,上海市,上海,上海市,上海,21,,shanghaishi,1,1
74,31,320000,江苏省,南京,南京市,南京,25,,nanjingshi,1,1
75,31,320000,江苏省,徐州,徐州市,徐州,516,,xuzhoushi,1,1
76,31,320000,江苏省,连云港,连云港市,连云港,518,,lianyungangshi,1,1
77,31,320000,江苏省,宿迁,宿迁市,宿迁,527,,suqianshi,1,1
78,31,320000,江苏省,淮阴，淮安,淮安市,淮安,517,,huaianshi,1,1
79,31,320000,江苏省,盐城,盐城市,盐城,515,,yanchengshi,1,1
80,31,320000,江苏省,扬州,扬州市,扬州,514,,yangzhoushi,1,1
81,31,320000,江苏省,泰州,泰州市,泰州,523,,taizhoushi,1,1
82,31,320000,江苏省,南通,南通市,南通,513,,nantongshi,1,1
83,31,320000,江苏省,镇江,镇江市,镇江,511,,zhenjiangshi,1,1
84,31,320000,江苏省,常州,常州市,常州,519,,changzhoushi,1,1
85,31,320000,江苏省,无锡,无锡市,无锡,510,,wuxishi,1,1
86,31,320000,江苏省,苏州，张家港,苏州市,苏州,512,,suzhoushi,1,1
87,21,330000,浙江省,杭州,杭州市,杭州,571,,hangzhoushi,1,1
88,21,330000,浙江省,湖州,湖州市,湖州,572,,huzhoushi,1,1
89,21,330000,浙江省,嘉兴,嘉兴市,嘉兴,573,,jiaxingshi,1,1
90,21,330000,浙江省,舟山,舟山市,舟山,580,,zhoushanshi,1,1
91,21,330000,浙江省,宁波,宁波市,宁波,574,,ningboshi,1,1
92,21,330000,浙江省,绍兴,绍兴市,绍兴,575,,shaoxingshi,1,1
93,21,330000,浙江省,金华,金华市,金华,579,,jinhuashi,1,1
94,21,330000,浙江省,台州,台州市,台州,576,,taizhoushi,1,1
95,21,330000,浙江省,温州,,,577,,wenzhou,0,0
96,21,330000,浙江省,丽水,丽水市,丽水,578,,lishuishi,1,1
97,13,340000,安徽省,合肥,合肥市,合肥,551,,hefeishi,1,1
98,13,340000,安徽省,宿州,宿州市,宿州,557,,suzhoushi,1,1
99,13,340000,安徽省,淮北,淮北市,淮北,561,,huaibeishi,1,1
100,13,340000,安徽省,阜阳，毫州,阜阳市,阜阳,558,,fuyangshi,1,1
101,13,340000,安徽省,蚌埠,蚌埠市,蚌埠,552,,bengbushi,1,1
102,13,340000,安徽省,淮南,淮南市,淮南,554,,huainanshi,1,1
104,13,340000,安徽省,马鞍山,马鞍山市,马鞍山,555,,maanshanshi,1,1
105,13,340000,安徽省,芜湖,芜湖市,芜湖,553,,wuhushi,1,1
106,13,340000,安徽省,铜陵,铜陵市,铜陵,562,,tonglingshi,1,1
107,13,340000,安徽省,安庆,安庆市,安庆,556,,anqingshi,1,1
108,13,340000,安徽省,黄山,黄山市,黄山,559,,huangshanshi,1,1
109,13,340000,安徽省,六安,六安市,六安,564,,luanshi,1,1
110,13,340000,安徽省,巢湖,巢湖市,巢湖,565,,chaohushi,0,0
111,13,340000,安徽省,贵池，池州,池州市,池州,566,,chizhoushi,1,1
112,13,340000,安徽省,宣州,宣城市,宣城,563,,xuanchengshi,1,1
113,20,350000,福建省,福州,福州市,福州,591,,fuzhoushi,1,1
114,20,350000,福建省,南平,南平市,南平,599,,nanpingshi,1,1
115,20,350000,福建省,三明,三明市,三明,598,,sanmingshi,1,1
116,20,350000,福建省,莆田,莆田市,莆田,594,,putianshi,1,1
117,20,350000,福建省,泉州,泉州市,泉州,595,,quanzhoushi,1,1
118,20,350000,福建省,厦门,厦门市,厦门,592,,xiamenshi,1,1
119,20,350000,福建省,漳州,漳州市,漳州,596,,zhangzhoushi,1,1
120,20,350000,福建省,龙岩,龙岩市,龙岩,597,,longyanshi,1,1
121,20,350000,福建省,宁德,宁德市,宁德,593,,ningdeshi,1,1
122,30,360000,江西省,南昌,南昌市,南昌,791,,nanchangshi,1,1
123,30,360000,江西省,九江,九江市,九江,792,,jiujiangshi,1,1
124,30,360000,江西省,景德镇,景德镇市,景德镇,798,,jingdezhenshi,1,1
125,30,360000,江西省,鹰潭,鹰潭市,鹰潭,701,,yingtanshi,1,1
126,30,360000,江西省,新余,新余市,新余,790,,xinyushi,1,1
127,30,360000,江西省,萍乡,萍乡市,萍乡,799,,pingxiangshi,1,1
128,30,360000,江西省,赣州,赣州市,赣州,797,,ganzhoushi,1,1
129,30,360000,江西省,上饶,上饶市,上饶,793,,shangraoshi,1,1
130,30,360000,江西省,临川，抚州,抚州市,抚州,794,,fuzhoushi,1,1
131,30,360000,江西省,宜春,宜春市,宜春,795,,yichunshi,1,1
132,30,360000,江西省,吉安,吉安市,吉安,796,,jianshi,1,1
133,38,370000,山东省,济南,济南市,济南,531,,jinanshi,1,1
134,38,370000,山东省,聊城,聊城市,聊城,635,,liaochengshi,1,1
135,38,370000,山东省,德州,德州市,德州,534,,dezhoushi,1,1
136,38,370000,山东省,东营,东营市,东营,546,,dongyingshi,1,1
137,38,370000,山东省,淄博,淄博市,淄博,533,,ziboshi,1,1
138,38,370000,山东省,潍坊,潍坊市,潍坊,536,,weifangshi,1,1
139,38,370000,山东省,烟台,烟台市,烟台,535,,yantaishi,1,1
140,38,370000,山东省,威海,威海市,威海,631,,weihaishi,1,1
141,38,370000,山东省,青岛,青岛市,青岛,532,,qingdaoshi,1,1
142,38,370000,山东省,日照,日照市,日照,633,,rizhaoshi,1,1
143,38,370000,山东省,临沂,临沂市,临沂,539,,linyishi,1,1
144,38,370000,山东省,枣庄,枣庄市,枣庄,632,,zaozhuangshi,1,1
145,38,370000,山东省,济宁,济宁市,济宁,537,,jiningshi,1,1
146,38,370000,山东省,泰安,泰安市,泰安,538,,taianshi,1,1
147,38,370000,山东省,莱芜,莱芜市,莱芜,634,,laiwushi,1,1
148,38,370000,山东省,滨州,滨州市,滨州,543,,binzhoushi,1,1
149,38,370000,山东省,菏泽,菏泽市,菏泽,530,,hezeshi,1,1
150,23,410000,河南省,郑州,郑州市,郑州,371,,zhengzhoushi,1,1
151,23,410000,河南省,三门峡,三门峡市,三门峡,398,,sanmenxiashi,1,1
152,23,410000,河南省,洛阳,洛阳市,洛阳,379,,luoyangshi,1,1
153,23,410000,河南省,焦作，济源,焦作市,焦作,391,,jiaozuoshi,1,1
154,23,410000,河南省,新乡,新乡市,新乡,373,,xinxiangshi,1,1
155,23,410000,河南省,鹤壁,鹤壁市,鹤壁,392,,hebishi,1,1
156,23,410000,河南省,安阳,安阳市,安阳,372,,anyangshi,1,1
157,23,410000,河南省,濮阳,濮阳市,濮阳,393,,puyangshi,1,1
158,23,410000,河南省,开封,开封市,开封,378,,kaifengshi,1,1
159,23,410000,河南省,商丘,商丘市,商丘,370,,shangqiushi,1,1
160,23,410000,河南省,许昌,许昌市,许昌,374,,xuchangshi,1,1
161,23,410000,河南省,漯河,漯河市,漯河,395,,taheshi,1,1
162,23,410000,河南省,平顶山,平顶山市,平顶山,375,,pingdingshanshi,1,1
163,23,410000,河南省,南阳,南阳市,南阳,377,,nanyangshi,1,1
164,23,410000,河南省,信阳,信阳市,信阳,376,,xinyangshi,1,1
166,23,410000,河南省,周口,周口市,周口,394,,zhoukoushi,1,1
167,23,410000,河南省,驻马店,驻马店市,驻马店,396,,zhumadianshi,1,1
168,15,420000,湖北省,武汉,武汉市,武汉,27,,wuhanshi,1,1
169,15,420000,湖北省,十堰，神农架,十堰市,十堰,719,,shiyanshi,1,1
170,15,420000,湖北省,襄樊,襄樊市,襄樊,710,,xiangfanshi,0,0
171,15,420000,湖北省,荆门,,,724,,jingmen,0,0
172,15,420000,湖北省,孝感,孝感市,孝感,712,,xiaoganshi,1,1
173,15,420000,湖北省,黄冈,黄冈市,黄冈,713,,huanggangshi,1,1
174,15,420000,湖北省,鄂州,鄂州市,鄂州,711,,ezhoushi,1,1
175,15,420000,湖北省,黄石,黄石市,黄石,714,,huangshishi,1,1
176,15,420000,湖北省,咸宁,咸宁市,咸宁,715,,xianningshi,1,1
177,15,420000,湖北省,荆州,荆州市,荆州,716,,jingzhoushi,1,1
178,15,420000,湖北省,宜昌,宜昌市,宜昌,717,,yichangshi,1,1
179,15,420000,湖北省,恩施,恩施土家族苗族自治州,恩施土家族苗族,718,,enshitujiazumiaozuzizhizhou,1,1
180,36,440000,广东省,广州，增城，从化，番禺,广州市,广州,20,,guangzhoushi,1,1
181,36,440000,广东省,清远,清远市,清远,763,,qingyuanshi,1,1
182,36,440000,广东省,韶关,韶关市,韶关,751,,shaoguanshi,1,1
183,36,440000,广东省,河源,河源市,河源,762,,heyuanshi,1,1
184,36,440000,广东省,梅州,梅州市,梅州,753,,meizhoushi,1,1
185,36,440000,广东省,潮州,潮州市,潮州,768,,chaozhoushi,1,1
186,36,440000,广东省,汕头,汕头市,汕头,754,,shantoushi,1,1
187,36,440000,广东省,揭阳,揭阳市,揭阳,663,,jieyangshi,1,1
188,36,440000,广东省,汕尾,汕尾市,汕尾,660,,shanweishi,1,1
189,36,440000,广东省,惠州,惠州市,惠州,752,,huizhoushi,1,1
190,36,440000,广东省,东莞,东莞市,东莞,769,,dongguanshi,1,1
191,36,440000,广东省,深圳,深圳市,深圳,755,,shenzhenshi,1,1
192,36,440000,广东省,珠海,珠海市,珠海,756,,zhuhaishi,1,1
193,36,440000,广东省,中山,中山市,中山,760,,zhongshanshi,1,1
194,36,440000,广东省,江门,江门市,江门,750,,jiangmenshi,1,1
195,36,440000,广东省,佛山，高明，南海，三水,佛山市,佛山,757,,foshanshi,1,1
196,36,440000,广东省,肇庆,肇庆市,肇庆,758,,zhaoqingshi,1,1
197,36,440000,广东省,云浮,云浮市,云浮,766,,yunfushi,1,1
198,36,440000,广东省,阳江,阳江市,阳江,662,,yangjiangshi,1,1
199,36,440000,广东省,茂名,茂名市,茂名,668,,maomingshi,1,1
200,36,440000,广东省,湛江,湛江市,湛江,759,,zhanjiangshi,1,1
201,41,450000,广西壮族自治区,南宁，凭祥,崇左市,崇左,771,,chongzuoshi,1,1
202,41,450000,广西壮族自治区,桂林,桂林市,桂林,773,,guilinshi,1,1
203,41,450000,广西壮族自治区,柳州,柳州市,柳州,772,,liuzhoushi,1,1
204,41,450000,广西壮族自治区,梧州，贺州,贺州市,贺州,774,,hezhoushi,1,1
206,41,450000,广西壮族自治区,玉林，贵港,贵港市,贵港,775,,guigangshi,1,1
207,41,450000,广西壮族自治区,钦州,钦州市,钦州,777,,qinzhoushi,1,1
208,41,450000,广西壮族自治区,北海,北海市,北海,779,,beihaishi,1,1
209,41,450000,广西壮族自治区,防城港,防城港市,防城港,770,,fangchenggangshi,1,1
211,41,450000,广西壮族自治区,百色,百色市,百色,776,,baiseshi,1,1
212,41,450000,广西壮族自治区,河池,河池市,河池,778,,hechishi,1,1
215,34,460000,海南省,海口，琼山，文昌,陵水黎族自治县,陵水黎族自治县,898,,lingshuilizuzizhixian,0,0
216,34,460000,海南省,三亚，通什,三亚市,三亚,899,,sanyashi,1,1
223,34,460000,海南省,儋州，东方,儋州市,儋州,890,,danzhoushi,1,1
224,14,500000,重庆市,重庆，万州，黔江，涪陵,重庆市,重庆,23,,chongqingshi,1,1
227,29,510000,四川省,成都,资阳市,资阳,28,,ziyangshi,1,1
228,29,510000,四川省,广元,广元市,广元,839,,guangyuanshi,1,1
229,29,510000,四川省,绵阳,绵阳市,绵阳,816,,mianyangshi,1,1
230,29,510000,四川省,德阳,德阳市,德阳,838,,deyangshi,1,1
231,29,510000,四川省,南充,南充市,南充,817,,nanchongshi,1,1
232,29,510000,四川省,广安,广安市,广安,826,,guanganshi,1,1
233,29,510000,四川省,遂宁,遂宁市,遂宁,825,,suiningshi,1,1
234,29,510000,四川省,内江，资阳，凉山,内江市,内江,832,,neijiangshi,1,1
235,29,510000,四川省,乐山，眉山,乐山市,乐山,833,,leshanshi,1,1
236,29,510000,四川省,自贡,自贡市,自贡,813,,zigongshi,1,1
237,29,510000,四川省,泸州,泸州市,泸州,830,,luzhoushi,1,1
238,29,510000,四川省,宜宾,宜宾市,宜宾,831,,yibinshi,1,1
239,29,510000,四川省,攀枝花,攀枝花市,攀枝花,812,,panzhihuashi,1,1
240,29,510000,四川省,巴中,巴中市,巴中,827,,bazhongshi,1,1
241,29,510000,四川省,达川，达州,达州市,达州,818,,dazhoushi,1,1
244,29,510000,四川省,雅安,雅安市,雅安,835,,yaanshi,1,1
245,29,510000,四川省,康定，甘孜,甘孜藏族自治州,甘孜藏族,836,,ganzizangzuzizhizhou,1,1
247,29,510000,四川省,西昌,凉山彝族自治州,凉山彝族,834,,liangshanyizuzizhizhou,1,1
248,35,520000,贵州省,贵阳,贵阳市,贵阳,851,,guiyangshi,1,1
249,35,520000,贵州省,六盘水,六盘水市,六盘水,858,,liupanshuishi,1,1
250,35,520000,贵州省,遵义,遵义市,遵义,852,,zunyishi,1,1
251,35,520000,贵州省,毕节,毕节地区,毕节,857,,bijiediqu,0,0
252,35,520000,贵州省,铜仁,铜仁地区,铜仁,856,,tongrendiqu,0,0
253,35,520000,贵州省,安顺,安顺市,安顺,853,,anshunshi,1,1
254,35,520000,贵州省,凯里，黔东南州,黔东南苗族侗族自治州,黔东南苗族侗族,855,,qiandongnanmiaozudongzuzizhizhou,1,1
255,35,520000,贵州省,都匀，黔南州,黔南布依族苗族自治州,黔南布依族苗族,854,,qiannanbuyizumiaozuzizhizhou,1,1
256,35,520000,贵州省,兴义，黔西南州,黔西南布依族苗族自治州,黔西南布依族苗族,859,,qianxinanbuyizumiaozuzizhizhou,1,1
257,40,530000,云南省,昆明,昆明市,昆明,871,,kunmingshi,1,1
258,40,530000,云南省,曲靖,曲靖市,曲靖,874,,qujingshi,1,1
259,40,530000,云南省,玉溪,玉溪市,玉溪,877,,yuxishi,1,1
260,40,530000,云南省,丽江,丽江市,丽江,888,,lijiangshi,1,1
261,40,530000,云南省,昭通,昭通市,昭通,870,,zhaotongshi,1,1
262,40,530000,云南省,思茅,普洱市,普洱,879,,puershi,1,1
263,40,530000,云南省,临沧,临沧市,临沧,883,,lincangshi,1,1
264,40,530000,云南省,保山,保山市,保山,875,,baoshanshi,1,1
265,40,530000,云南省,潞西，德宏,,,692,,luxi，dehong,0,0
266,40,530000,云南省,泸水，怒江,怒江傈僳族自治州,怒江傈僳族,886,,nujianglisuzuzizhizhou,1,1
267,40,530000,云南省,中甸，迪庆,迪庆藏族自治州,迪庆藏族,887,,diqingzangzuzizhizhou,1,1
268,40,530000,云南省,大理,大理白族自治州,大理白族,872,,dalibaizuzizhizhou,1,1
269,40,530000,云南省,楚雄,楚雄彝族自治州,楚雄彝族,878,,chuxiongyizuzizhizhou,1,1
270,40,530000,云南省,个旧，红河,红河哈尼族彝族自治州,红河哈尼族彝族,873,,honghehanizuyizuzizhizhou,1,1
271,40,530000,云南省,文山,文山壮族苗族自治州,文山壮族苗族,876,,wenshanzhuangzumiaozuzizhizhou,1,1
272,40,530000,云南省,景洪，西双版纳,西双版纳傣族自治州,西双版纳傣族,691,,xishuangbannadaizuzizhizhou,1,1
273,33,540000,西藏自治区,拉萨,拉萨市,拉萨,891,,lasashi,1,1
274,33,540000,西藏自治区,那曲,那曲地区,那曲,896,,naqudiqu,1,1
275,33,540000,西藏自治区,昌都,昌都地区,昌都,895,,changdoudiqu,0,0
276,33,540000,西藏自治区,林芝,林芝地区,林芝,894,,linzhidiqu,0,0
277,33,540000,西藏自治区,乃东，山南,山南地区,山南,893,,shannandiqu,0,0
278,33,540000,西藏自治区,日喀则,日喀则地区,日喀则,892,,rikazediqu,0,0
279,33,540000,西藏自治区,噶尔，阿里,阿里地区,阿里,897,,alidiqu,1,1
280,39,610000,陕西省,西安,西安市,西安,29,,xianshi,1,1
281,39,610000,陕西省,延安,延安市,延安,911,,yananshi,1,1
282,39,610000,陕西省,铜川,铜川市,铜川,919,,tongchuanshi,1,1
283,39,610000,陕西省,渭南,渭南市,渭南,913,,weinanshi,1,1
284,39,610000,陕西省,咸阳,咸阳市,咸阳,910,,xianyangshi,1,1
285,39,610000,陕西省,宝鸡,宝鸡市,宝鸡,917,,baojishi,1,1
286,39,610000,陕西省,汉中,汉中市,汉中,916,,hanzhongshi,1,1
287,39,610000,陕西省,榆林,榆林市,榆林,912,,yulinshi,1,1
288,39,610000,陕西省,商州，商洛,商洛市,商洛,914,,shangluoshi,1,1
289,39,610000,陕西省,安康,安康市,安康,915,,ankangshi,1,1
290,24,620000,甘肃省,兰州,兰州市,兰州,931,,lanzhoushi,1,1
291,24,620000,甘肃省,金昌，武威,金昌市,金昌,935,,jinchangshi,1,1
293,24,620000,甘肃省,白银,白银市,白银,943,,baiyinshi,1,1
294,24,620000,甘肃省,天水,天水市,天水,938,,tianshuishi,1,1
296,24,620000,甘肃省,张掖,张掖市,张掖,936,,zhangyeshi,1,1
297,24,620000,甘肃省,酒泉，嘉峪关,酒泉市,酒泉,937,,jiuquanshi,1,1
298,24,620000,甘肃省,西峰，庆阳,庆阳市,庆阳,934,,qingyangshi,1,1
299,24,620000,甘肃省,平凉,平凉市,平凉,933,,pingliangshi,1,1
300,24,620000,甘肃省,定西,定西市,定西,932,,dingxishi,1,1
301,24,620000,甘肃省,陇南,陇南市,陇南,939,,longnanshi,1,1
302,24,620000,甘肃省,临夏,临夏回族自治州,临夏回族,930,,linxiahuizuzizhizhou,1,1
303,24,620000,甘肃省,合作，甘南,甘南藏族自治州,甘南藏族,941,,gannanzangzuzizhizhou,1,1
304,37,430000,湖南省,长沙,长沙市,长沙,731,,changshashi,1,1
305,37,430000,湖南省,张家界,张家界市,张家界,744,,zhangjiajieshi,1,1
306,37,430000,湖南省,常德,常德市,常德,736,,changdeshi,1,1
307,37,430000,湖南省,益阳,益阳市,益阳,737,,yiyangshi,1,1
308,37,430000,湖南省,岳阳,岳阳市,岳阳,730,,yueyangshi,1,1
309,37,430000,湖南省,株洲,,,733,,zhuzhou,0,0
310,37,430000,湖南省,湘潭,湘潭市,湘潭,732,,xiangtanshi,1,1
311,37,430000,湖南省,衡阳,衡阳市,衡阳,734,,hengyangshi,1,1
312,37,430000,湖南省,郴州,郴州市,郴州,735,,chenzhoushi,1,1
313,37,430000,湖南省,永州,永州市,永州,746,,yongzhoushi,1,1
314,37,430000,湖南省,邵阳,邵阳市,邵阳,739,,shaoyangshi,1,1
315,37,430000,湖南省,怀化,怀化市,怀化,745,,huaihuashi,1,1
316,37,430000,湖南省,娄底,娄底市,娄底,738,,loudishi,1,1
317,37,430000,湖南省,吉首,湘西土家族苗族自治州,湘西土家族苗族,743,,xiangxitujiazumiaozuzizhizhou,1,1
318,27,063000,青海省,西宁,西宁市,西宁,971,,xiningshi,1,1
319,27,063000,青海省,海东州，平安,海东地区,海东,972,,haidongdiqu,0,0
320,27,063000,青海省,海晏,海北藏族自治州,海北藏族,970,,haibeizangzuzizhizhou,1,1
321,27,063000,青海省,共和,海南藏族自治州,海南藏族,974,,hainanzangzuzizhizhou,1,1
322,27,063000,青海省,同仁，黄南藏族,黄南藏族自治州,黄南藏族,973,,huangnanzangzuzizhizhou,1,1
323,27,063000,青海省,玛沁,果洛藏族自治州,果洛藏族,975,,guoluozangzuzizhizhou,1,1
324,27,063000,青海省,玉树,玉树藏族自治州,玉树藏族,976,,yushuzangzuzizhizhou,1,1
325,27,063000,青海省,德令哈,,,977,,delingha,0,0
326,18,640000,宁夏回族自治区,银川,银川市,银川,951,,yinchuanshi,1,1
327,18,640000,宁夏回族自治区,石嘴山，大武口,石嘴山市,石嘴山,952,,shizuishanshi,1,1
328,18,640000,宁夏回族自治区,吴忠,吴忠市,吴忠,953,,wuzhongshi,1,1
329,18,640000,宁夏回族自治区,固原,固原市,固原,954,,guyuanshi,1,1
330,25,650000,新疆维吾尔自治区,乌鲁木齐,乌鲁木齐市,乌鲁木齐,991,,wulumuqishi,1,1
331,25,650000,新疆维吾尔自治区,克拉玛依,克拉玛依市,克拉玛依,990,,kelamayishi,1,1
332,25,650000,新疆维吾尔自治区,石河子,,,993,,shihezi,0,0
333,25,650000,新疆维吾尔自治区,喀什,喀什地区,喀什,998,,kashidiqu,1,1
334,25,650000,新疆维吾尔自治区,阿克苏,阿克苏地区,阿克苏,997,,akesudiqu,1,1
335,25,650000,新疆维吾尔自治区,和田,和田地区,和田,903,,hetiandiqu,1,1
336,25,650000,新疆维吾尔自治区,吐鲁番,吐鲁番地区,吐鲁番,995,,tulufandiqu,0,0
337,25,650000,新疆维吾尔自治区,哈密,哈密地区,哈密,902,,hamidiqu,0,0
338,25,650000,新疆维吾尔自治区,阿图什,克孜勒苏柯尔克孜自治州,克孜勒苏柯尔克孜,908,,kezileisukeerkezizizhizhou,1,1
339,25,650000,新疆维吾尔自治区,博乐，博川,,,909,,bole，bochuan,0,0
340,25,650000,新疆维吾尔自治区,昌吉,昌吉回族自治州,昌吉回族,994,,changjihuizuzizhizhou,1,1
341,25,650000,新疆维吾尔自治区,库尔勒,,,996,,kuerlei,0,0
342,25,650000,新疆维吾尔自治区,伊犁，伊宁,,,999,,yili，yining,0,0
343,25,650000,新疆维吾尔自治区,奎屯,,,992,,kuitun,0,0
344,25,650000,新疆维吾尔自治区,塔城,塔城地区,塔城,901,,tachengdiqu,1,1
345,25,650000,新疆维吾尔自治区,阿勒泰,阿勒泰地区,阿勒泰,906,,aleitaidiqu,1,1
348,16,220000,吉林省,珲春,,,440,,huichun,0,0
349,16,220000,吉林省,梅河口,,,445,,meihekou,0,0
350,27,063000,青海省,格尔木，海北州，海南州，海西州,海西蒙古族藏族自治州,海西蒙古族藏族,979,,haiximengguzuzangzuzizhizhou,1,1
351,35,520000,贵州省,潢川,,,397,,huangchuan,0,0
352,15,420000,湖北省,潜江，天门，仙桃,,,728,,qianjiang，tianmen，xiantao,0,0
353,15,420000,湖北省,随州,随州市,随州,722,,suizhoushi,1,1
354,36,440000,广东省,潮阳,,,661,,chaoyang,0,0
355,36,440000,广东省,顺德,,,765,,shunde,0,0
356,29,510000,四川省,阿坝，马尔康,阿坝藏族羌族自治州,阿坝藏族羌族,837,,abazangzuqiangzuzizhizhou,1,1
357,21,330000,浙江省,衢州,衢州市,衢州,570,,quzhoushi,1,1
369,16,220000,吉林省,梅河口市,,,448,,meihekoushi,0,0
370,18,640000,宁夏回族自治区,银南，中卫,灵武市,灵武,955,,lingwushi,0,0
371,28,130000,河北省,承德,承德市,承德,314,,chengdeshi,1,1
375,13,340000,安徽省,明光，定远，来安,滁州市,滁州,550,,chuzhoushi,1,1
